category,month,n_markets,n_series,median_volume,pct_resolved_yes
Crypto,2024-11,4123,14,29.0,0.3155469318457434
Crypto,2024-12,63110,13,0.0,0.26334970686103626
Crypto,2025-01,121586,13,0.0,0.27317289819551593
Crypto,2025-02,132324,11,0.0,0.2397826546960491
Crypto,2025-03,149761,9,0.0,0.25829822183345463
Crypto,2025-04,144651,15,0.0,0.27085882572536657
Crypto,2025-05,149485,13,0.0,0.2753854901829615
Crypto,2025-06,144648,11,0.0,0.26312842210054754
Crypto,2025-07,149468,14,0.0,0.27756442850643614
Crypto,2025-08,149488,17,0.0,0.264074708337793
Crypto,2025-09,144669,20,0.0,0.2617907084447947
Crypto,2025-10,278649,28,0.0,0.26148667319818125
Crypto,2025-11,270194,22,0.0,0.2531366351584417
Crypto,2025-12,310706,46,0.0,0.2545106949978436
Crypto,2026-01,449858,82,0.0,0.25977530687461375
Crypto,2026-02,481580,34,0.0,0.24792142530835998
Crypto,2026-03,644017,35,0.0,0.25885341536015355
Crypto,2026-04,870090,40,0.0,0.2667999862083233
Crypto,2026-05,909780,48,0.0,0.26430455714568357
Crypto,2026-06,845039,44,0.0,0.25244278666428416
Economics,2024-11,52,4,1642.5,0.40384615384615385
Economics,2024-12,101,11,7619.0,0.5643564356435643
Economics,2025-01,178,20,1085.0,0.47752808988764045
Economics,2025-02,187,19,714.0,0.5240641711229946
Economics,2025-03,209,22,200.0,0.5598086124401914
Economics,2025-04,216,24,377.5,0.47685185185185186
Economics,2025-05,202,23,26.5,0.5
Economics,2025-06,221,21,78.0,0.6018099547511312
Economics,2025-07,241,24,1010.0,0.5601659751037344
Economics,2025-08,216,22,561.5,0.6342592592592593
Economics,2025-09,247,24,659.0,0.5384615384615384
Economics,2025-10,184,18,1218.0,0.6086956521739131
Economics,2025-11,158,20,937.0,0.5189873417721519
Economics,2025-12,359,55,2502.0,0.35376044568245124
Economics,2026-01,444,59,6260.5,0.27927927927927926
Economics,2026-02,397,38,4214.0,0.3350125944584383
Economics,2026-03,882,53,1952.0,0.5147392290249433
Economics,2026-04,3417,102,50.0,0.5191688615744805
Economics,2026-05,4291,117,44.38,0.5015147984152878
Economics,2026-06,2928,100,343.985,0.4989754098360656
Elections,2026-04,3,1,1135.0,0.3333333333333333
Elections,2026-05,5,1,3220.67,0.8
Elections,2026-06,4,1,1817.475,0.25
Entertainment,2025-01,1,1,48569.0,1.0
Entertainment,2025-02,21,2,70791.0,0.42857142857142855
Entertainment,2025-06,1,1,20897.0,0.0
Entertainment,2025-07,2,2,19890.5,0.0
Entertainment,2025-08,1,1,19572.0,0.0
Entertainment,2025-09,56,3,4309.5,0.05357142857142857
Entertainment,2025-10,1,1,103004.0,0.0
Entertainment,2025-12,17,2,0.0,0.0
Entertainment,2026-01,2,2,33667.0,0.5
Entertainment,2026-02,97,3,241241.0,0.17525773195876287
Entertainment,2026-04,17,1,4517.34,0.47058823529411764
Entertainment,2026-05,1,1,3410.3,0.0
Financials,2024-11,34567,15,0.0,0.45737263864379324
Financials,2024-12,40275,10,0.0,0.4927622594661701
Financials,2025-01,36448,12,0.0,0.4916044776119403
Financials,2025-02,50264,13,0.0,0.4635325481457902
Financials,2025-03,89865,11,0.0,0.48214544038279644
Financials,2025-04,129265,22,0.0,0.5095888291494217
Financials,2025-05,142124,14,0.0,0.5279544623005263
Financials,2025-06,135724,12,0.0,0.5345406855088267
Financials,2025-07,149273,24,0.0,0.5079686212509965
Financials,2025-08,142330,11,0.0,0.5127098995292629
Financials,2025-09,142587,37,0.0,0.5166880571160064
Financials,2025-10,154182,40,0.0,0.517673917837361
Financials,2025-11,121146,31,0.0,0.5032027470985423
Financials,2025-12,147090,50,0.0,0.5106057515806649
Financials,2026-01,140038,93,0.0,0.5101900912609435
Financials,2026-02,95591,36,0.0,0.49384356267849483
Financials,2026-03,110584,35,0.0,0.4771395500253201
Financials,2026-04,105744,56,0.0,0.5517854440913905
Financials,2026-05,100745,78,0.0,0.5397190927589458
Financials,2026-06,100864,69,0.0,0.4849996034263959
Mentions,2025-01,34,2,1918.5,0.4117647058823529
Mentions,2025-02,244,8,6519.0,0.3442622950819672
Mentions,2025-03,576,23,4212.5,0.34375
Mentions,2025-04,339,8,4640.0,0.45132743362831856
Mentions,2025-05,708,24,3425.5,0.4689265536723164
Mentions,2025-06,491,13,3763.0,0.3564154786150713
Mentions,2025-07,436,15,3679.5,0.5
Mentions,2025-08,844,22,3005.0,0.4158767772511848
Mentions,2025-09,1091,31,5270.0,0.4344637946837763
Mentions,2025-10,2868,84,5420.5,0.42538354253835425
Mentions,2025-11,2389,74,8654.0,0.42193386354123064
Mentions,2025-12,3577,68,11204.0,0.4607212748112944
Mentions,2026-01,4663,84,15253.0,0.5093287583101008
Mentions,2026-02,5499,104,10627.0,0.5050009092562284
Mentions,2026-03,7637,90,6091.0,0.4784601283226398
Mentions,2026-04,7879,114,4644.45,0.44421880949359055
Mentions,2026-05,6179,93,4246.25,0.4570318821815828
Mentions,2026-06,7652,74,7723.405000000001,0.42498693152117095
Politics,2024-11,115,9,2132.0,0.2956521739130435
Politics,2024-12,172,39,1418.0,0.18023255813953487
Politics,2025-01,578,123,15904.0,0.2370242214532872
Politics,2025-02,431,69,9007.0,0.22041763341067286
Politics,2025-03,438,73,3173.5,0.2557077625570776
Politics,2025-04,423,91,948.0,0.25059101654846333
Politics,2025-05,551,115,876.0,0.21234119782214156
Politics,2025-06,268,82,1269.0,0.2835820895522388
Politics,2025-07,314,110,4969.0,0.37579617834394907
Politics,2025-08,172,56,4251.5,0.36627906976744184
Politics,2025-09,263,65,1332.0,0.2889733840304182
Politics,2025-10,302,66,2236.0,0.2947019867549669
Politics,2025-11,372,63,12920.5,0.5080645161290323
Politics,2025-12,404,129,99.5,0.15099009900990099
Politics,2026-01,940,300,6288.0,0.15638297872340426
Politics,2026-02,377,69,14802.0,0.35543766578249336
Politics,2026-03,439,80,6316.0,0.3826879271070615
Politics,2026-04,463,98,12456.57,0.37365010799136067
Politics,2026-05,663,103,9982.28,0.3046757164404223
Politics,2026-06,536,114,9921.92,0.38992537313432835
Science and Technology,2024-11,2,1,192411.0,0.5
Science and Technology,2024-12,1,1,16124.0,1.0
Science and Technology,2025-01,4,1,38541.5,0.5
Science and Technology,2025-02,6,2,206183.0,0.16666666666666666
Science and Technology,2025-03,11,2,120613.0,0.2727272727272727
Science and Technology,2025-04,9,2,57955.0,0.1111111111111111
Science and Technology,2025-05,14,2,35077.0,0.2857142857142857
Science and Technology,2025-06,8,2,18950.5,0.125
Science and Technology,2025-07,10,2,9092.5,0.1
Science and Technology,2025-08,20,4,26649.5,0.4
Science and Technology,2025-09,10,3,11507.0,0.5
Science and Technology,2025-10,16,3,8810.5,0.5625
Science and Technology,2025-11,7,2,187495.0,0.2857142857142857
Science and Technology,2025-12,7,1,2335996.0,0.14285714285714285
Science and Technology,2026-01,33,4,64044.0,0.21212121212121213
Science and Technology,2026-02,37,3,44907.0,0.13513513513513514
Science and Technology,2026-03,43,7,29931.0,0.23255813953488372
Science and Technology,2026-04,309,14,480.0,0.6440129449838188
Science and Technology,2026-05,291,14,734.25,0.7250859106529209
Science and Technology,2026-06,378,23,174.565,0.843915343915344
Sports,2024-12,4,1,473.5,0.25
Sports,2025-01,83,8,4850.0,0.0963855421686747
Sports,2025-02,505,35,495.0,0.1782178217821782
Sports,2025-03,1939,28,730.0,0.15059308922124806
Sports,2025-04,1764,24,4183.0,0.25056689342403626
Sports,2025-05,2829,37,15455.0,0.32343584305408274
Sports,2025-06,3989,67,8063.0,0.26322386563048383
Sports,2025-07,4466,39,24295.5,0.2769816390506046
Sports,2025-08,7138,38,1457.5,0.34561501821238444
Sports,2025-09,13667,79,1498.0,0.31974829882197997
Sports,2025-10,22863,81,2345.0,0.3828456458032629
Sports,2025-11,58360,174,1102.0,0.38911925976696365
Sports,2025-12,87196,234,302.0,0.3117344832331758
Sports,2026-01,109361,283,633.0,0.325042748328929
Sports,2026-02,120375,340,893.0,0.3433021806853583
Sports,2026-03,184603,393,400.0,0.30849986186573347
Sports,2026-04,234363,494,290.0,0.30562844817654666
Sports,2026-05,230697,558,334.44,0.31011673320415956
Sports,2026-06,212407,480,428.34,0.30261714538598067
Transportation,2025-08,4,1,7577.0,0.25
World,2025-09,35,1,46.0,0.02857142857142857
