ticker,life_minutes,first_trade_price,first_trade_minute,first_trade_frac,open_spread,open_mid,n_candles,first_day_vwap,first_day_volume,life10_vwap,life10_volume,category
KXBTC-26FEB0706-B61875,60.0,,,,0.95,0.475,5,,0.0,,0.0,Crypto
KXBTC-25JUN1314-B110125,60.0,,,,0.03,0.015,18,,0.0,,0.0,Crypto
KXBNBD-26MAY0507-T439.99,60.0,,,,0.010000000000000009,0.995,9,,0.0,,0.0,Crypto
KXBTC-25DEC1718-B90875,60.0,,,,0.2,0.1,4,,0.0,,0.0,Crypto
KXDOGED-25NOV1212-T0.1699999,60.0,0.45,22.0,0.36666666666666664,0.55,0.725,52,0.45,8.0,0.45,8.0,Crypto
KXBTCD-25DEC0516-T96249.99,60.0,,,,0.45,0.225,45,,0.0,,0.0,Crypto
KXDOGE-25NOV1013-B0.342,60.0,,,,0.05,0.025,58,,0.0,,0.0,Crypto
KXXRP-26APR2904-B0.9499500,60.0,,,,0.01,0.005,5,,0.0,,0.0,Crypto
KXBTC-26FEB2703-B69375,60.0,,,,0.2,0.1,5,,0.0,,0.0,Crypto
KXETH-26FEB1110-B1650,60.0,,,,,,0,,0.0,,0.0,Crypto
KXBTC-25NOV1310-B111875,60.0,,,,0.05,0.025,5,,0.0,,0.0,Crypto
KXETHD-25MAY0610-T2039.99,60.0,,,,0.06,0.03,9,,0.0,,0.0,Crypto
KXETHD-25SEP0720-T4659.99,60.0,,,,0.3,0.15,3,,0.0,,0.0,Crypto
KXBTC-25NOV2809-B94875,60.0,,,,0.05,0.025,11,,0.0,,0.0,Crypto
KXBTCD-26MAY0406-T70799.99,60.0,,,,0.010000000000000009,0.995,11,,0.0,,0.0,Crypto
KXHYPE-26APR2015-B47,60.0,,,,0.9,0.45,3,,0.0,,0.0,Crypto
KXXRP-26FEB1623-B1.3499500,60.0,,,,,,0,,0.0,,0.0,Crypto
KXETHD-26APR0819-T2719.99,60.0,,,,0.01,0.005,16,,0.0,,0.0,Crypto
KXXRPD-26JAN0510-T2.3199,60.0,,,,0.78,0.39,3,,0.0,,0.0,Crypto
KXDOGED-26APR2920-T0.2449999,60.0,,,,0.01,0.005,9,,0.0,,0.0,Crypto
KXDOGE-25JUL0617-B0.127,1500.0,,,,0.99,0.495,1,,0.0,,0.0,Crypto
KXETH-25FEB1222-B2730,60.0,0.77,27.0,0.45,0.46,0.28,36,0.9346960264900663,302.0,0.9346960264900663,302.0,Crypto
KXBNB-26MAY0509-B722,60.0,,,,0.01,0.005,6,,0.0,,0.0,Crypto
KXBTCD-25SEP1616-T105999.99,60.0,,,,0.040000000000000036,0.98,60,,0.0,,0.0,Crypto
KXSOLE-26APR2617-B74,1500.0,,,,0.99,0.495,12,,0.0,,0.0,Crypto
KXETH-25SEP1021-B3940,60.0,,,,0.79,0.395,2,,0.0,,0.0,Crypto
KXETHD-25DEC2620-T2319.99,60.0,,,,0.78,0.61,1,,0.0,,0.0,Crypto
KXXRPD-26APR1615-T1.9999,60.0,,,,0.01,0.005,5,,0.0,,0.0,Crypto
KXETHD-26JUN0309-T2269.99,60.0,,,,0.01,0.005,8,,0.0,,0.0,Crypto
KXDOGE-25OCT2911-B0.072,60.0,,,,0.05,0.025,38,,0.0,,0.0,Crypto
KXBTC-26MAR1321-B75125,60.0,,,,0.19,0.095,5,,0.0,,0.0,Crypto
KXDOGED-26JAN2404-T0.1799999,60.0,,,,,,0,,0.0,,0.0,Crypto
KXDOGED-26JUN2512-T0.0449999,60.0,,,,0.010000000000000009,0.995,5,,0.0,,0.0,Crypto
KXBNB-26JUN2702-B397,60.0,,,,0.01,0.005,7,,0.0,,0.0,Crypto
KXETH-26FEB2315-B2180,60.0,,,,0.01,0.005,7,,0.0,,0.0,Crypto
KXSOLE-26FEB1810-B76,60.0,,,,,,0,,0.0,,0.0,Crypto
KXBTC-26FEB0207-B87125,60.0,,,,0.05,0.025,1,,0.0,,0.0,Crypto
KXETH-26MAR2102-B2240,60.0,,,,0.19,0.095,10,,0.0,,0.0,Crypto
KXDOGE-26MAY0708-B0.072,60.0,,,,0.01,0.005,8,,0.0,,0.0,Crypto
KXBTC-25NOV0613-B108375,60.0,,,,0.05,0.025,9,,0.0,,0.0,Crypto
KXETHD-25JUN0715-T2469.99,60.0,,,,0.07999999999999996,0.96,34,,0.0,,0.0,Crypto
KXETH-26JAN2910-B3430,60.0,,,,0.04,0.02,7,,0.0,,0.0,Crypto
KXDOGE-26APR1721-B0.037,60.0,,,,0.01,0.005,10,,0.0,,0.0,Crypto
KXSOLD-26APR2405-T87.9999,60.0,,,,0.02,0.01,2,,0.0,,0.0,Crypto
KXBTCD-26MAR0111-T57499.99,60.0,,,,0.010000000000000009,0.995,9,,0.0,,0.0,Crypto
KXSOLD-26FEB2609-T80.9999,60.0,,,,,,0,,0.0,,0.0,Crypto
KXXRP-26MAY2521-B1.5699500,60.0,,,,0.01,0.005,7,,0.0,,0.0,Crypto
KXBTC-26JAN0700-B85125,60.0,,,,0.79,0.395,3,,0.0,,0.0,Crypto
KXSOLD-26JUN2908-T66.9999,60.0,,,,0.010000000000000009,0.995,25,,0.0,,0.0,Crypto
KXBNB-26MAY1813-B597,60.0,,,,0.01,0.005,2,,0.0,,0.0,Crypto
KXAAAGASD-26MAY02-4.400,869.0,0.98,27.0,0.031070195627157654,0.97,0.495,205,0.9853401308960399,1705.1699999999998,0.9803218124477054,310.74,Economics
KXEZGDPQOQF-26JUN05-T-0.3,23508.766666666666,0.98,246.0,0.010464181447204802,0.99,0.495,82,0.9840999999999999,2700.0,0.9840999999999999,2700.0,Economics
KXTSAW-26MAY03-A2.05,9479.0,,,,0.10999999999999999,0.9450000000000001,10,,0.0,,0.0,Economics
KXTRUFCPI-26MAY05-T1.73,1429.0,,,,,,0,,0.0,,0.0,Economics
KXMUSKWEALTH-27-1200,233479.25,0.34,8584.0,0.036765579810625566,0.98,0.5,3335,,0.0,0.3756088727818046,4001.0,Economics
KXEZGDPQOQF-26JUN05-T0.2,23508.766666666666,0.38,310.0,0.013186570116396295,0.99,0.495,210,0.31549499999999997,20.0,0.21785912882298425,32.37,Economics
KXAAAGASM-26MAY31-5.40,44039.0,0.25,544.0,0.01235268739072186,0.04,0.02,323,0.25,75.0,0.12300914380714881,1203.0,Economics
KXDEZEW-26MAY12-T-42.5,21408.0,0.95,3212.0,0.1500373692077728,0.98,0.5,57,,0.0,,0.0,Economics
KXTRUFTSA-26JUN02-T3020000,1428.0,0.075,1308.0,0.9159663865546218,0.99,0.495,17,0.075,100.0,,0.0,Economics
KXTSAW-25DEC14-A2.75,9479.0,,,,0.1,0.05,112,,0.0,,0.0,Economics
KXCBDECISIONEU-26JUN11-C25P,60064.0,0.04,1273.0,0.02119405966968567,0.98,0.5,224,0.0395,507.0,0.034649779735682826,681.0,Economics
KXPAYROLLS-25JAN-T150000,60385.0,0.6632,17932.0,0.2969611658524468,0.99,0.505,268,,0.0,,0.0,Economics
KXAAAGASD-26APR03-4.055,869.0,0.99,13.0,0.014959723820483314,0.98,0.5,13,0.9810313901345291,669.0,0.9899999999999999,459.0,Economics
KXUE-MEX26MAY-2.7,48655.0,0.45,6457.0,0.13270989620799506,0.98,0.5,270,,0.0,,0.0,Economics
KXCACPIYOY-26MAY19-T2.4,20178.0,0.95,8646.0,0.42848647041332144,0.99,0.495,164,,0.0,,0.0,Economics
KXEZGDPQOQF-26JUN05-T-0.2,23508.766666666666,0.98,276.0,0.011740301135888314,0.99,0.495,87,0.98177304964539,2820.0,0.98177304964539,2820.0,Economics
KXTRUFAIDP-26MAY07-T73.21,1429.0,,,,,,0,,0.0,,0.0,Economics
KXDEIFO-26JUN24-T89.0,47267.0,0.01,10300.0,0.21791101614234032,0.99,0.495,198,,0.0,,0.0,Economics
KXUSGBEEF-26MAY12-T6.68,44549.0,0.77,458.0,0.010280814384161261,0.08000000000000007,0.73,90,0.77,12.0,0.77,12.0,Economics
KXCPICOREYOY-26MAY-T3.3,127585.0,0.06,13129.0,0.10290394638868205,0.99,0.495,484,,0.0,,0.0,Economics
KXTRUFBPPI-26JUN04-T1145,1428.0,0.02,361.0,0.25280112044817926,0.99,0.495,114,0.04736292428198433,11.49,,0.0,Economics
KXTRUEV-26MAY13-T1330.45,1429.0,0.53,68.0,0.04758572428271519,0.99,0.505,508,0.16123602274805865,601.3699999999999,0.4216666666666667,6.0,Economics
KXTSAW-25OCT12-A1.90,9479.0,,,,0.98,0.49,43,,0.0,,0.0,Economics
KXUSNFP-26JUN05-T240,14419.0,0.01,267.0,0.018517234204868577,0.99,0.495,138,0.016669025981379273,10155.35,0.016669025981379273,10155.35,Economics
KXECONSTATCORECPIYOY-26JAN-T2.6,83429.0,0.05,69279.0,0.8303947068765057,0.99,0.495,850,,0.0,,0.0,Economics
KXCBDECISIONAUSTRALIA-26MAY05-H25,69201.4,0.01,21983.0,0.3176669836159384,0.98,0.5,504,,0.0,,0.0,Economics
KXAAAGASD-26MAY22-4.580,909.0,0.0348,227.0,0.24972497249724973,0.99,0.495,324,0.03271788570691434,465.12,,0.0,Economics
KXTRUFAIDP-26APR29-T54.39,1428.0,,,,0.98,0.5,34,,0.0,,0.0,Economics
KXTRUFBFST-26APR27-T89.60,1429.0,0.76,1080.0,0.7557732680195941,0.98,0.5,81,0.6799999999999999,10.0,,0.0,Economics
KXTRUFEGGS-26MAY14-T2.81,1429.0,,,,0.99,0.495,64,,0.0,,0.0,Economics
KXTSAW-25JUL27-A2.60,9479.0,,,,0.18000000000000005,0.9099999999999999,127,,0.0,,0.0,Economics
KXJOBLESSCLAIMS-26JUN04-200000,9985.0,0.97,8468.0,0.8480721081622433,0.15000000000000002,0.905,107,,0.0,,0.0,Economics
KXTSAW-25JAN19-A2.70,9479.0,,,,0.07,0.035,3,,0.0,,0.0,Economics
KXCPIGAS-25MAR-T3,79045.0,,,,0.98,0.5,15,,0.0,,0.0,Economics
KXAAAGASD-26APR18-4.115,884.0,0.01,4.0,0.004524886877828055,0.04,0.030000000000000002,17,0.01,571.0,0.01,571.0,Economics
KXTRUFAIDP-26MAY01-T72.47,1429.0,,,,,,0,,0.0,,0.0,Economics
KXTRUFBPPI-26JUN11-T975,1429.0,0.98,297.0,0.20783764870538837,0.99,0.495,164,0.50677523220432,1002.3499999999999,,0.0,Economics
KXJOBLESSCLAIMS-25AUG28-245000,30150.0,,,,0.1,0.05,477,,0.0,,0.0,Economics
KXTRUFDEAD-26APR29-T414.05,1428.0,,,,0.98,0.5,34,,0.0,,0.0,Economics
KXTRUFTSA-26APR21-T2700000,1429.0,0.78,118.0,0.08257522743177047,0.98,0.5,81,0.08247297297297296,37.0,0.78,1.0,Economics
KXCHEXPORTS-26MAY08-T20,888.0,0.5,93.0,0.10472972972972973,0.8999999999999999,0.5,82,0.22583333333333333,12.0,,0.0,Economics
KXPAYROLLS-25JUN-T150000,58945.0,0.4312,20076.0,0.3405886843667826,0.98,0.5,739,,0.0,,0.0,Economics
KXTRUFEGGS-26MAY15-T2.75,1429.0,,,,0.99,0.505,2,,0.0,,0.0,Economics
KXTSAW-25AUG24-A2.60,9479.0,0.01,691.0,0.07289798501951683,0.19,0.095,152,0.06305884297520661,605.0,0.01,1.0,Economics
KXTRUFTSA-26MAY05-T3440000,1429.0,0.01,57.0,0.03988803358992302,1.0,0.5,52,0.01,10.0,0.01,10.0,Economics
KXCPIYOY-25AUG-T3.1,81989.0,0.07,38972.0,0.47533205673931866,0.1,0.15000000000000002,755,,0.0,,0.0,Economics
KXTRUFCPI-26MAY08-T1.91,1429.0,,,,,,0,,0.0,,0.0,Economics
KXCBDECISIONAUSTRALIA-25DEC08-H25P,43949.0,0.04,21032.0,0.4785546883888143,0.019999999999999997,0.02,644,,0.0,,0.0,Economics
KXECONSTATCPIYOY-25DEC-T2.5,48869.0,0.05,3688.0,0.07546706501053838,0.03,0.015,721,,0.0,0.05,18.0,Economics
KXUSDEBTMON-26MAY01-T39.20,52199.0,0.53,295.0,0.005651449261480105,0.09999999999999998,0.6000000000000001,517,0.5172979041916167,668.0,0.3341937150837988,2148.0,Economics
KXGENERICBALLOTVOTEHUB-26APR17-T5.4,9899.0,0.5,2038.0,0.2058793817557329,0.010000000000000009,0.495,68,,0.0,,0.0,Elections
KXGENERICBALLOTVOTEHUB-26JUN26-T5.2,10019.0,0.5629,588.0,0.05868849186545563,0.020000000000000018,0.58,141,0.5616832134292565,1251.0,0.5616832134292565,1251.0,Elections
KXGENERICBALLOTVOTEHUB-26JUN05-T7.6,10009.0,0.64,2243.0,0.22409831151963233,0.9199999999999999,0.5,105,,0.0,,0.0,Elections
KXGENERICBALLOTVOTEHUB-26JUN12-T6.2,10019.0,0.35,2251.0,0.22467312106996706,0.08000000000000002,0.35,125,,0.0,,0.0,Elections
KXGENERICBALLOTVOTEHUB-26MAY22-T6.3,10049.0,0.59,2345.0,0.2333565528908349,0.07999999999999996,0.6000000000000001,89,,0.0,,0.0,Elections
KXGENERICBALLOTVOTEHUB-26MAY08-T6,10064.0,0.31,243.0,0.024145468998410174,0.010000000000000009,0.305,113,0.31,93.0,0.31,93.0,Elections
KXGENERICBALLOTVOTEHUB-26APR10-T5.5,5459.0,0.7033,475.0,0.08701227331013006,0.08000000000000007,0.75,55,0.6596966386554621,357.0,0.7033,150.0,Elections
KXGENERICBALLOTVOTEHUB-26APR24-T4.8,9719.0,0.51,305.0,0.03138182940631752,0.08000000000000002,0.5,132,0.5114893939393939,330.0,0.5114893939393939,330.0,Elections
KXGENERICBALLOTVOTEHUB-26MAY15-T5.8,10049.0,0.58,636.0,0.06328987959000895,0.07999999999999996,0.6000000000000001,129,0.58,1050.01,0.58,1050.01,Elections
KXGENERICBALLOTVOTEHUB-26JUN19-T5.8,10019.0,0.49,57.0,0.005689190537977842,0.47,0.245,105,0.11177787610619469,113.0,0.11177787610619469,113.0,Elections
KXGENERICBALLOTVOTEHUB-26MAY01-T5.5,9899.0,0.52,146.0,0.014748964541872916,0.05999999999999994,0.55,160,0.5485185185185186,27.0,0.53,2.0,Elections
KXGENERICBALLOTVOTEHUB-26MAY29-T7.4,10049.0,0.63,330.0,0.03283908846651408,0.07999999999999996,0.6499999999999999,131,0.6332258064516129,651.0,0.6332258064516129,651.0,Elections
KXROCKANDROLLHALLOFFAME-26-OAS,66207.45,0.8672,7900.0,0.11932191920999828,0.99,0.495,362,,0.0,,0.0,Entertainment
KXFIRSTSUPERBOWLSONG-26FEB09-UNX,43827.166666666664,0.0451,8756.0,0.1997847605936957,0.99,0.495,664,,0.0,,0.0,Entertainment
KXSUPERBOWLHEADLINE-26-KAT,29298.95,0.05,3662.6,0.12500789277431443,0.04,0.02,481,,0.0,,0.0,Entertainment
KXSBSETLISTS-26-NUE,146909.95,0.37,6584.116666666667,0.044817363743345266,0.9,0.55,2297,,0.0,0.38606987951807226,249.0,Entertainment
KXSUPERBOWLHEADLINE-26-JUS,47600.55,0.06,4244.816666666667,0.08917579033575591,0.06,0.03,783,,0.0,0.06,46.0,Entertainment
KXSBSETLISTS-25-MC,39528.13333333333,0.65,897.75,0.022711672024313487,0.9299999999999999,0.525,319,0.65,1.0,0.65,3.0,Entertainment
KXFIRSTSUPERBOWLSONG-26FEB09-CAL,43827.166666666664,0.05,5215.0,0.11899012408589803,0.99,0.495,693,,0.0,,0.0,Entertainment
KXSBGUESTS-26-JDV,180511.56666666668,0.55,267.0,0.0014791295922495823,0.07999999999999996,0.6000000000000001,2702,0.55,66.0,0.5198245614035087,114.0,Entertainment
KXROCKANDROLLHALLOFFAME-26-LUT,66207.75,0.54,4729.0,0.07142668343207555,0.99,0.495,513,,0.0,0.54,5.0,Entertainment
KXSBGUESTS-26-BO,182953.71666666667,0.1484,90178.0,0.49290061794317197,0.08000000000000002,0.1,2797,,0.0,,0.0,Entertainment
KXFIRSTSUPERBOWLSONG-26FEB09-LOQ,4347.166666666667,0.05,11.0,0.0025303837748725222,0.99,0.495,2140,0.010010062893081763,71550.0,0.010073178168513065,9839.0,Entertainment
KXSBSETLISTS-25-KK,42408.01666666667,0.98,1724.0,0.04065269105959132,0.98,0.5,311,,0.0,0.5625,4.0,Entertainment
KXSBGUESTS-26-TOM,8363.433333333332,0.7,143.0,0.017098241152955527,0.99,0.495,99,0.4034712097200211,1893.0,0.3600309210526316,304.0,Entertainment
KXPUBLICSWIFTLIVELY-26JAN01,150434.0,0.2,97.0,0.0006448010423175612,0.8999999999999999,0.5,2215,0.18880536912751678,596.0,0.1916091627172196,633.0,Entertainment
KXFIRSTSUPERBOWLSONG-26FEB09-MEP,43827.166666666664,0.05,6138.0,0.14005012111970125,0.99,0.495,694,,0.0,,0.0,Entertainment
KXSUPERBOWLHEADLINE-26-ADE,23242.233333333334,0.04,1576.3166666666666,0.06782122199960704,0.04,0.02,382,,0.0,0.04,35.0,Entertainment
KXSBGUESTS-25-JK,3456.5833333333335,0.95,330.0,0.09546999686588394,0.06999999999999995,0.9650000000000001,35,0.9693333333333333,30.0,0.95,1.0,Entertainment
KXSTATEMENTCOUNTRCONGRESSIS-25JUL01,23700.0,0.1,84.0,0.0035443037974683543,0.09000000000000001,0.055,341,0.08168333333333334,150.0,0.09135721649484536,194.0,Entertainment
KXFIRSTSUPERBOWLSONG-26FEB09-LAJ,43827.166666666664,0.0692,3808.0,0.0868867483258101,0.99,0.495,676,,0.0,0.0692,13.0,Entertainment
KXSBSETLISTS-26-YON,157042.23333333334,0.21,29084.0,0.18519858882971396,0.09999999999999999,0.16,2434,,0.0,,0.0,Entertainment
KXROCKANDROLLHALLOFFAME-26-PIN,66205.76666666666,0.26,3834.0,0.057910363296651404,0.99,0.495,871,,0.0,0.26,10.0,Entertainment
KXSBHEADLINE-26-DRA,280922.35,,,,0.99,0.495,13,,0.0,,0.0,Entertainment
KXSBSETLISTS-26-TIT,156453.43333333332,0.97,25214.0,0.1611597742714925,0.09999999999999998,0.9299999999999999,2010,,0.0,,0.0,Entertainment
KXROCKANDROLLHALLOFFAME-26-INX,66207.1,0.34,10679.0,0.16129690018140047,0.99,0.495,544,,0.0,,0.0,Entertainment
KXSBGUESTS-26-DJT,180509.58333333334,0.56,266.0,0.0014736059719820968,0.07999999999999996,0.6000000000000001,2939,0.4925358166189112,349.0,0.5685442546583852,1288.0,Entertainment
KXSBGUESTS-25-DJT,3456.85,0.93,55.0,0.015910438694186905,0.06999999999999995,0.9650000000000001,245,0.9784567959883875,15156.0,0.9548805385556915,817.0,Entertainment
KXSUPERBOWLHEADLINE-26-SEXX,85266.11666666667,0.05,5489.15,0.06437668577612013,0.09999999999999999,0.1,1384,,0.0,0.05,10.0,Entertainment
KXSUPERBOWLHEADLINE-26-TYL,23242.35,0.04,1915.6666666666667,0.08242138452723873,0.04,0.02,381,,0.0,0.04,25.0,Entertainment
KXFIRSTSUPERBOWLSONG-26FEB09-LAM,43827.166666666664,0.45,485.0,0.01106619562447949,0.99,0.495,707,0.39175588235294123,68.0,0.35574452054794525,146.0,Entertainment
KXSBHEADLINE-26-POS,280922.35,,,,0.95,0.475,13,,0.0,,0.0,Entertainment
KXSUPERBOWLHEADLINE-26-COL,29298.966666666667,0.04,4022.8,0.1373017705971428,0.04,0.02,481,,0.0,,0.0,Entertainment
KXSBGUESTS-26-JBEZ,12435.733333333334,0.62,52.0,0.004181498477505682,0.19999999999999996,0.72,166,0.6928877011843303,3293.0,0.6998269556025369,1892.0,Entertainment
KXSUPERBOWLHEADLINE-26-SZA,23246.95,0.04,1920.6833333333334,0.082620874279565,0.04,0.02,381,,0.0,0.04,25.0,Entertainment
KXFIRSTSUPERBOWLSONG-26FEB09-TOB,43827.166666666664,0.25,163.0,0.003719154405752901,0.99,0.495,681,0.25,26.0,0.25,26.0,Entertainment
KXSTATEMENTCOUNTPOPE-26JAN01,239100.0,0.13,4864.0,0.020342952739439566,0.08000000000000002,0.1,3517,,0.0,0.12681818181818183,22.0,Entertainment
KXFIRSTSUPERBOWLSONG-26FEB09-LAC,43827.166666666664,0.05,6190.0,0.141236599825831,0.99,0.495,684,,0.0,,0.0,Entertainment
KXSBGUESTS-26-AHAT,12447.983333333334,0.25,31.0,0.0024903632315274628,0.17,0.14500000000000002,162,0.1964698734177215,395.0,0.2140902564102564,195.0,Entertainment
KXSUPERBOWLHEADLINE-26-MET,154812.46666666667,0.15,68386.0,0.4417344511876089,0.09999999999999999,0.1,2388,,0.0,,0.0,Entertainment
KXEUROVISIONHOST-26-INNSBRUCK,126501.25,0.2,1305.0,0.010316103595814271,0.98,0.5,1930,0.1989,45.0,0.19441525423728812,59.0,Entertainment
KXSUPERBOWLHEADLINE-26-BIL,154812.28333333333,0.06,85427.0,0.5518102191934168,0.09999999999999999,0.1,2374,,0.0,,0.0,Entertainment
KXEUROVISIONHOST-26-LINZ,126501.25,,,,0.98,0.5,1901,,0.0,,0.0,Entertainment
KXSBSETLISTS-26-TEB,157046.91666666666,0.18,29090.0,0.1852312711222708,0.09999999999999999,0.13,2422,,0.0,,0.0,Entertainment
KXTRUMPNOBEL-25OCT15,6660.0,0.45,1.0,0.00015015015015015014,0.09000000000000002,0.46499999999999997,111,0.6308382485896138,55304.0,0.3686059595407326,9145.0,Entertainment
KXSBSETLISTS-26-DIL,18390.4,0.41,4484.0,0.24382286410301024,0.99,0.495,286,,0.0,,0.0,Entertainment
KXSUPERBOWLHEADLINE-26-CYN,29291.166666666668,0.0329,1637.4666666666667,0.05590308796167218,0.04,0.02,481,,0.0,0.0329,141.0,Entertainment
KXSBGUESTS-26-JB,182953.33333333334,0.0758,95362.0,0.5212367452537987,0.07,0.035,2689,,0.0,,0.0,Entertainment
KXFIRSTSUPERBOWLSONG-26FEB09-EFE,43827.166666666664,0.0692,3174.0,0.07242083487030496,0.99,0.495,681,,0.0,0.0692,13.0,Entertainment
KXFIRSTSUPERBOWLSONG-26FEB09-LIK,43827.166666666664,0.05,4428.0,0.101033225206588,0.99,0.495,694,,0.0,,0.0,Entertainment
KXSBSETLISTS-26-DTM,157047.61666666667,0.8213,5818.0,0.03704608910015296,0.07999999999999996,0.96,2000,,0.0,0.8385348672566373,565.0,Entertainment
KXSBSETLISTS-25-ATS,39522.28333333333,0.73,9595.066666666668,0.24277612165626397,0.9299999999999999,0.525,165,,0.0,,0.0,Entertainment
KXINXU-25APR21H1000-T5829.9999,60.0,,,,0.03,0.015,3,,0.0,,0.0,Financials
KXUSDJPYH-25OCT0915-T157.84900,1440.0,,,,,,0,,0.0,,0.0,Financials
KXINXU-26MAY21H1100-T7464.9999,60.0,0.01,7.0,0.11666666666666667,0.04,0.030000000000000002,14,0.01,10.0,0.01,10.0,Financials
KXINXU-26MAR02H1400-T6379.9999,60.0,,,,0.030000000000000027,0.985,23,,0.0,,0.0,Financials
KXINXU-26FEB24H1100-T6999.9999,60.0,,,,0.03,0.015,9,,0.0,,0.0,Financials
KXNASDAQ100U-25MAY01H1400-T20299.99,60.0,,,,0.03,0.015,5,,0.0,,0.0,Financials
KXNASDAQ100U-26FEB05H1400-T27079.99,60.0,,,,0.03,0.015,10,,0.0,,0.0,Financials
KXUSDJPYH-25MAR2412-T155.68900,1440.0,,,,0.98,0.5,4,,0.0,,0.0,Financials
KXINXU-26APR30H1400-T6174.9999,60.0,,,,0.030000000000000027,0.985,6,,0.0,,0.0,Financials
KXINXU-25DEC10H1000-T5969.9999,60.0,,,,0.030000000000000027,0.985,4,,0.0,,0.0,Financials
KXNASDAQ100U-26MAR27H1000-T22759.99,60.0,,,,0.030000000000000027,0.985,4,,0.0,,0.0,Financials
KXNASDAQ100U-26MAR13H1100-T26139.99,60.0,,,,0.3,0.15,4,,0.0,,0.0,Financials
KXUSDJPYH-25NOV0511-T156.29900,1440.0,,,,,,0,,0.0,,0.0,Financials
KXEURUSDH-25AUG0617-T1.15939,1440.0,,,,,,0,,0.0,,0.0,Financials
KXUSDJPYH-25JAN2409-T158.73900,1440.0,,,,,,0,,0.0,,0.0,Financials
KXNASDAQ100U-25NOV20H1100-T25409.99,60.0,,,,0.04,0.02,6,,0.0,,0.0,Financials
KXINXU-26APR06H1300-T6004.9999,60.0,,,,0.030000000000000027,0.985,5,,0.0,,0.0,Financials
KXINXU-26FEB02H1100-T6384.9999,60.0,,,,0.30000000000000004,0.85,5,,0.0,,0.0,Financials
KXNASDAQ100U-25MAY23H1100-T21159.99,60.0,,,,0.99,0.495,25,,0.0,,0.0,Financials
KXUSDJPYH-25SEP0413-T149.61900,1440.0,,,,,,0,,0.0,,0.0,Financials
KXNASDAQ100U-25OCT24H1400-T23329.99,60.0,,,,0.030000000000000027,0.985,3,,0.0,,0.0,Financials
KXNASDAQ100U-25SEP22H1300-T25069.99,60.0,,,,0.03,0.015,6,,0.0,,0.0,Financials
KXINXU-25NOV13H1400-T7584.9999,60.0,,,,0.3,0.15,3,,0.0,,0.0,Financials
KXINXU-25SEP11H1000-T6349.9999,60.0,,,,0.030000000000000027,0.985,6,,0.0,,0.0,Financials
KXINXU-25NOV13H1100-T5849.9999,60.0,,,,0.030000000000000027,0.985,8,,0.0,,0.0,Financials
KXINXU-25MAR18H1500-T5654.9999,60.0,,,,1.0,0.5,11,,0.0,,0.0,Financials
KXNASDAQ100U-25AUG18H1000-T24069.99,60.0,,,,0.03,0.015,4,,0.0,,0.0,Financials
KXUSDJPYH-26JAN2010-T163.90900,1440.0,,,,,,0,,0.0,,0.0,Financials
KXNASDAQ100U-25OCT23H1400-T25299.99,60.0,,,,0.16,0.08,3,,0.0,,0.0,Financials
KXINXU-26FEB24H1100-T7129.9999,60.0,,,,0.03,0.015,9,,0.0,,0.0,Financials
KXINXU-25AUG14H1100-T7294.9999,60.0,,,,0.03,0.015,4,,0.0,,0.0,Financials
KXINXU-25SEP10H1500-T6419.9999,60.0,,,,0.030000000000000027,0.985,4,,0.0,,0.0,Financials
KXEURUSDH-26JAN1215-T1.17579,1440.0,,,,,,0,,0.0,,0.0,Financials
KXINXU-25AUG28H1300-T6604.9999,60.0,,,,0.03,0.015,2,,0.0,,0.0,Financials
KXINXU-25OCT17H1500-T6779.9999,60.0,,,,0.03,0.015,6,,0.0,,0.0,Financials
KXNASDAQ100U-25DEC17H1400-T25339.99,60.0,,,,0.16,0.08,4,,0.0,,0.0,Financials
KXINXU-26FEB26H1000-T6904.9999,60.0,,,,0.040000000000000036,0.98,24,,0.0,,0.0,Financials
KXNASDAQ100U-25NOV12H1300-T25849.99,60.0,,,,0.03,0.015,2,,0.0,,0.0,Financials
KXNASDAQ100U-25JUN10H1100-T21859.99,60.0,0.47,14.0,0.23333333333333334,0.04999999999999999,0.405,60,0.2465943250214961,5815.0,0.2465943250214961,5815.0,Financials
KXUSDJPYH-25MAY0710-T146.01900,1440.0,,,,0.99,0.495,1,,0.0,,0.0,Financials
KXNASDAQ100U-25MAR24H1400-T19899.99,60.0,,,,0.030000000000000027,0.985,2,,0.0,,0.0,Financials
KXUSDJPYH-25DEC1810-T148.83900,1440.0,,,,,,0,,0.0,,0.0,Financials
KXNASDAQ100U-26JUN22H1000-T28899.99,60.0,,,,0.010000000000000009,0.995,1,,0.0,,0.0,Financials
KXINXU-25JUN13H1200-T6829.9999,60.0,,,,0.03,0.015,3,,0.0,,0.0,Financials
KXNASDAQ100U-25SEP02H1300-T23239.99,60.0,,,,0.03,0.015,2,,0.0,,0.0,Financials
KXEURUSDH-25MAR1812-T1.08239,1440.0,,,,,,0,,0.0,,0.0,Financials
KXINXU-25MAY07H1000-T5759.9999,60.0,,,,0.03,0.015,8,,0.0,,0.0,Financials
KXNASDAQ100U-26MAY26H1400-T30859.99,60.0,,,,0.03,0.015,2,,0.0,,0.0,Financials
KXNASDAQ100U-25SEP25H1200-T25959.99,60.0,,,,0.03,0.015,2,,0.0,,0.0,Financials
KXUSDJPYH-25MAR1816-T146.19900,1440.0,,,,,,0,,0.0,,0.0,Financials
KXTRUMPMENTION-25OCT22-NATI,410.4166666666667,0.25,119.0,0.2899492385786802,0.86,0.48000000000000004,136,0.6549050289017342,5190.0,,0.0,Mentions
KXDIMONMENTION-25DEC07-RARE,2890.1666666666665,0.5238,218.0,0.07542817599907733,0.9,0.46,717,0.4918688311688312,616.0,0.5238,185.0,Mentions
KXNCAABMENTION-26FEB20BGSUMOH-DRAF,660.0,0.57,122.0,0.18484848484848485,0.9,0.46,64,0.3673372549019608,255.0,,0.0,Mentions
KXHARTMENTION-25NOV25-NETF,3840.0,0.9,120.0,0.03125,0.91,0.455,1377,0.38401664691943127,1688.0,0.36558516483516484,546.0,Mentions
KXTRUMPSAY-25OCT01-MAR,14799.183333333332,0.4,23.466666666666665,0.0015856730833120295,0.08000000000000002,0.36,156,0.4421968397291197,443.0,0.4421968397291197,443.0,Mentions
KXACOOPERMENTION-25NOV19-MCDO,2400.0,0.2,160.0,0.06666666666666667,0.91,0.455,379,0.3377299956840743,2317.0,0.2,94.0,Mentions
KXTRUMPMENTION-26MAY22-IRAN,3201.2,0.58,73.0,0.022803948519305263,0.5700000000000001,0.615,568,0.6794904739198939,482.3599999999999,0.6644303797468353,1.58,Mentions
KXTRUMPMENTIONB-25NOV02-INVE,2145.0,0.63,843.0,0.393006993006993,0.86,0.48000000000000004,313,0.0942425,6640.0,,0.0,Mentions
KXTRUMPMENTIONB-26JAN30-HEAL,393.9,0.55,82.0,0.2081746636202082,0.86,0.48000000000000004,236,0.37326468801284984,28639.0,,0.0,Mentions
KXEARNINGSMENTIONCVNA-26JUN30-AUCT,3244.75,0.85,803.0,0.24747669311965484,0.9,0.45,121,0.8326923076923076,26.0,,0.0,Mentions
KXWCMENTION-26JUN12USAPAR-HAND,3126.6833333333334,0.65,1132.0,0.36204497843828126,0.97,0.495,959,0.5619171763869132,393.68,,0.0,Mentions
KXLASTWORDMENTION-26JUN01C-NUCL,240.43333333333334,0.3371,134.0,0.5573270483848607,0.9,0.46,78,0.12027398172116859,567.87,,0.0,Mentions
KXAWARDMENTION-25DEC07-FAZE,2850.0,0.91,468.0,0.16421052631578947,0.98,0.5,350,0.8309888357256778,627.0,,0.0,Mentions
KXTRUMPMENTIONB-25DEC12-HANU,1439.9166666666667,0.6,0.9166666666666666,0.000636610914983506,0.7,0.4,470,0.8750630217878228,9822.0,0.6989923954372625,526.0,Mentions
KXTRUMPMENTION-26FEB22-MADU,1317.4333333333334,0.35,447.0,0.339296106064823,0.86,0.48000000000000004,435,0.0957270234241097,15753.0,,0.0,Mentions
KXNBAMENTION-26JUN03NYKSAS-TRIP,4120.6,0.35,418.0,0.10144153764014949,0.94,0.48,1006,0.36381218985976266,37.08,,0.0,Mentions
KXSECPRESSMENTION-26MAR16-POLI,10166.716666666667,0.4638,99.0,0.009737657027916256,0.10000000000000003,0.4,157,0.5407756603773586,530.0,0.49286899224806197,258.0,Mentions
KXTRUMPMENTIONB-26JAN30-AFFO,1152.1833333333334,0.55,123.0,0.10675384415095977,0.86,0.48000000000000004,450,0.34675373561180844,42309.0,,0.0,Mentions
KXTRUMPMENTIONB-25NOV13-CRYP,2070.0,0.22,26.0,0.012560386473429951,0.86,0.48000000000000004,693,0.17245035523114352,10275.0,0.21232412698412698,630.0,Mentions
KXNFLMENTION-NFLAFCCHAMP-ALTI,7530.0,0.79,149.0,0.019787516600265603,0.6900000000000001,0.445,110,0.7885522842639595,197.0,0.7910084507042254,142.0,Mentions
KXNCAABMENTION-26FEB21TENNVAN-ALLE,1500.0,0.46,324.0,0.216,0.91,0.455,144,0.6636740731001839,3803.0,,0.0,Mentions
KXNFLMENTION-25DEC14BUFNE-SUPE,8040.0,0.91,4.0,0.0004975124378109452,0.19999999999999996,0.85,91,0.9137500000000001,112.0,0.9119047619047619,105.0,Mentions
KXNCAABMENTION-26MAR07UNCDUKE-ANKL,1770.0,0.49,1124.0,0.6350282485875707,0.91,0.455,83,0.48999999999999994,140.0,,0.0,Mentions
KXWCMENTION-26JUN27COLPOR-MESS,4180.816666666667,0.9007,9.0,0.0021526894665715233,0.97,0.495,1863,0.750159981178685,340.03999999999996,0.6752705175117616,153.04,Mentions
KXEARNINGSMENTIONCMG-26APR29-TARI,17472.966666666667,0.8,8326.0,0.4765075192344746,0.17999999999999994,0.75,102,,0.0,,0.0,Mentions
KXWCMENTION-26JUN23ENGGHA-QATA,4335.5,0.38,1321.0,0.3046938069426825,0.84,0.43,1055,0.38,10.0,,0.0,Mentions
KXBERNIEMENTION-25OCT16-AUTH,5692.083333333333,0.3913,1349.0,0.23699582753824758,0.88,0.55,77,0.3912,198.0,,0.0,Mentions
KXNBAMENTION-25DEC13NYKORL-ANKL,3840.0,0.39,1166.0,0.30364583333333334,0.9,0.46,792,0.6164925,40.0,,0.0,Mentions
KXSECPRESSMENTION-26FEB28-CBA,1558.4666666666667,0.89,18.0,0.011549813919664628,0.94,0.5,87,0.12553270440251568,795.0,0.12775448717948715,780.0,Mentions
KXHOCHULMENTION-26APR22B-MAYO,8651.066666666668,0.72,1933.0,0.22344065471695204,0.38000000000000006,0.6,136,,0.0,,0.0,Mentions
KXNBAMENTION-26JAN19OKCCLE-TRAD,570.0,0.6,34.0,0.05964912280701754,0.97,0.495,173,0.6973343895619757,2146.0,0.6,3.0,Mentions
KXTBPNMENTION-26FEB13-NICO,342.78333333333336,0.26,17.0,0.0495940098215588,0.9,0.46,116,0.7964707831699145,8057.0,0.21351724137931036,145.0,Mentions
KXPSAKIMENTION-26JUN10-BILL,305.53333333333336,0.4,82.0,0.2683831551385555,0.97,0.495,93,0.046896514059906455,4494.340000000001,,0.0,Mentions
KXNCAABMENTION-26FEB16SYRDUKE-MARC,1722.5166666666667,0.34,73.0,0.04237985118673259,0.91,0.455,544,0.3523127188183808,10968.0,0.4180373333333333,150.0,Mentions
KXWCMENTION-26JUN17UZBCOL-RECO,4335.3,0.37,1043.0,0.2405831199686296,0.88,0.46,416,0.524331983805668,4.94,,0.0,Mentions
KXHOCHULMENTION-26MAR07-BILL,3616.616666666667,0.5,225.0,0.06221284165218874,0.9,0.46,1352,0.3919906565003876,7738.0,0.39010736196319024,489.0,Mentions
KXNBAMENTION-26MAR24GSWDAL-PLAY,3559.0,0.835,1610.0,0.4523742624332678,0.9,0.46,97,,0.0,,0.0,Mentions
KXCOLBERTMENTION-25OCT16-CENS,5200.516666666666,0.5969,3898.0,0.7495409109992277,0.99,0.495,82,,0.0,,0.0,Mentions
KXNBAMENTION-25DEC30DETLAL-TECH,2250.0,0.7,192.0,0.08533333333333333,0.9,0.46,638,0.5339535135135135,185.0,0.7,34.0,Mentions
KXNCAABMENTION-26APR04MICHARIZ-DOUB,9044.283333333333,0.5443,601.0,0.06645081515579823,0.87,0.455,124,0.5441770833333334,48.0,0.542445945945946,37.0,Mentions
KXTRUMPMENTION-25AUG16-CEA,1677.0666666666666,0.72,61.0,0.03637303227858165,0.09999999999999998,0.6699999999999999,732,0.8739982897384306,1988.0,0.7608169014084507,284.0,Mentions
KXTRUMPMENTION-25NOV04-BIDE,1980.0,0.55,39.0,0.019696969696969695,0.86,0.48000000000000004,415,0.06122179129175718,38676.0,0.55,8.0,Mentions
KXECBMENTION-26FEB23-INFL,1252.8166666666666,0.89,278.0,0.22189998536630792,0.91,0.455,362,0.9570942335379253,13197.0,,0.0,Mentions
KXNCAAMENTION-26JAN01MISSUGA-WIND,4680.0,0.3736,3018.0,0.6448717948717949,0.9,0.46,763,,0.0,,0.0,Mentions
KXNBAMENTION-26MAR19ORLCHA-JORD,3590.0,0.4864,164.0,0.045682451253481894,0.82,0.42,612,0.4771025830258303,271.0,0.48640000000000005,232.0,Mentions
KXNBAMENTION-26APR20ATLNYK-TRIP,8469.533333333333,0.6917,783.0,0.09244901332619665,0.36,0.73,101,0.6900000000000001,7.0,0.6900000000000001,7.0,Mentions
KXATHLETEMENTION-26MAY28-OVER,1338.7333333333333,0.19,417.0,0.3114884716896569,0.89,0.455,176,0.03094747501552707,1771.1,,0.0,Mentions
KXMLBMENTION-26APR21NYYBOS-OHTA,5093.233333333334,0.48,3000.0,0.5890168000680641,0.87,0.465,54,,0.0,,0.0,Mentions
KXBARRMENTION-26JAN27-HEAL,1022.95,0.9,548.0,0.5357055574563762,0.9,0.46,287,0.9613455263157894,4180.0,,0.0,Mentions
KXNFLMENTION-25DEC28CHISF-ONE,4520.0,0.2572,1545.0,0.3418141592920354,0.9,0.46,940,,0.0,,0.0,Mentions
KXEDMONTONGRIESBACH-25-PP,49375.86666666667,,,,0.97,0.495,101,,0.0,,0.0,Politics
KXBONDICOUNT-25-T57,13712.116666666667,0.1529,3.0,0.00021878460291202307,0.10000000000000003,0.23,40,0.15551746617466178,2439.0,0.15551746617466178,2439.0,Politics
KXEPSTEIN-26-4,207895.71666666667,0.79,326.0,0.0015680938752706385,0.69,0.645,3370,0.74,62.0,0.5346524120759417,3213.0,Politics
KXUSADEALCOUNT-25OCT01-1,35399.0,0.74,493.0,0.013926947088900816,0.07999999999999996,0.7,583,0.7456782608695652,23.0,0.6260784574468085,376.0,Politics
KXAPRPOTUS-26APR17-42.8,9960.0,0.08,39.0,0.00391566265060241,0.07,0.045,79,0.04017444933920705,227.0,0.04017444933920705,227.0,Politics
KXSTCROIX-25-NDP,49365.05,,,,0.97,0.495,98,,0.0,,0.0,Politics
KXVISITVENEZUELA-26MAY01-DFIGN,169500.0,0.75,791.0,0.004666666666666667,0.09999999999999998,0.8,2431,0.791860465116279,43.0,0.6488969769291965,1257.0,Politics
KXHORMUZWEEKLY-26JUN21-T30,12180.0,0.51,143.0,0.01174055829228243,0.020000000000000018,0.5,191,0.6722807910555422,415.90000000000003,0.767198886456648,105.07,Politics
KXHORMUZWEEKLY-26JUN14-T50,11280.0,0.2207,94.0,0.008333333333333333,0.45,0.265,152,0.19092511013215863,454.0,0.21842307692307697,338.0,Politics
KXPRESURUGUAY-AD,31680.2,0.18,2139.0,0.06751851314069987,0.06,0.15,237,,0.0,0.17911139240506327,79.0,Politics
KXRECBILL-26-SNAP,258161.01666666666,0.55,64198.0,0.24867426085051184,0.98,0.5,1500,,0.0,,0.0,Politics
KXKITCHENER-25-CON,49379.416666666664,0.155,24825.0,0.5027398393055136,0.97,0.495,91,,0.0,,0.0,Politics
KXTYLENOLSUE-26,143630.71666666667,0.14,54.0,0.00037596414787319747,0.09000000000000001,0.125,2252,0.29145046948356806,2556.0,0.21520434486515946,36710.0,Politics
KXEOWEEK-25OCT25,9479.0,0.62,3.0,0.00031648908112670115,0.09999999999999998,0.6499999999999999,156,0.5643795962199312,2328.0,0.5472266037735849,1590.0,Politics
KXUSAMBSWEDEN-25-APR,24480.0,,,,0.98,0.5,11,,0.0,,0.0,Politics
KXCABCHANGE-26-15,545393.7,0.01,138861.0,0.25460690139985115,0.05,0.025,1609,,0.0,,0.0,Politics
KXTARIFFSC-25JAN23-PRC,59040.0,0.72,1457.0,0.02467818428184282,0.96,0.52,705,,0.0,0.6623507246376812,690.0,Politics
KXEPSTEINLIST-26-JKIM,155691.53333333333,0.08,4154.0,0.026680962741283728,0.09999999999999999,0.1,2530,,0.0,0.06424657534246575,219.0,Politics
KXUNIPRESIDENTS-25SEP01-CLMB,106678.75,0.1439,19767.75,0.18530166504575654,0.1,0.08,1620,,0.0,,0.0,Politics
KXAPRPOTUS-26JAN09-42.15,9900.0,0.2774,460.0,0.046464646464646465,0.06,0.03,164,0.09861692865779928,827.0,0.11827840909090909,528.0,Politics
KXPARDONSTRUMP-26JAN-2,19140.6,0.12,768.0,0.04012413403968528,0.1,0.08,299,0.03724137931034483,29.0,0.07146341463414634,82.0,Politics
KXRECBILL-27-WEP,29605.783333333333,0.8,561.0,0.01894900039237829,0.4,0.6000000000000001,186,0.7611978478093774,1301.0,0.7584469696627778,1329.3899999999999,Politics
KXEPSTEIN-27-25DEC26,3732.5833333333335,0.2,19.0,0.005090308320868031,0.1,0.15000000000000002,2664,0.7011258476315574,48724.0,0.3722126796714579,3896.0,Politics
KXVPBREAKS-25DEC31-6,422159.6,0.08,2370.0,0.00561399053817561,0.09999999999999999,0.13,2564,,0.0,0.08,54.0,Politics
KXTRUMPMEET-26APR-TWOO,40649.0,0.13,140.0,0.003444119166523162,0.98,0.5,507,0.11919672578444748,733.0,0.12739358741681792,1653.0,Politics
KXSECAG-26DEC31-JJ,130584.76666666666,0.01,8530.0,0.0653215548623206,0.1,0.05,27,,0.0,0.01,515.0,Politics
KXAPRPOTUS-25AUG29-46.3,13020.0,0.11,3053.0,0.23448540706605223,0.060000000000000005,0.07,209,,0.0,,0.0,Politics
KXSBUDGETRES-26APR-MAY02,11232.916666666666,0.7817,142.0,0.012641418450239254,0.07999999999999996,0.7,34,0.7817,600.0,0.7817,600.0,Politics
KXEOCOUNTDAY3-25JAN22-9.0,2235.0,0.01,23.0,0.01029082774049217,0.99,0.505,91,0.015515316315205332,4505.0,0.037161979166666664,384.0,Politics
KXDIROSTP-25-DEC,14948.25,0.99,2317.0,0.15500142157108693,0.98,0.5,9,,0.0,,0.0,Politics
KXSECAG-26DEC31-JH,108969.76666666666,0.01,5.0,4.5884286558993585e-05,0.04,0.030000000000000002,9,0.01639427374301676,15752.0,0.014012213193116633,25104.0,Politics
KXCABOUT-29-ES,559438.15,0.01,83909.0,0.14998798347949635,0.07,0.035,2056,,0.0,,0.0,Politics
KXCALCOLLEGEFUNDPULL-26,60297.8,0.8,554.0,0.009187731559028687,0.98,0.5,794,0.8,23.0,0.7649144981412639,269.0,Politics
KXSENATETARIFFVOTE-25-DSUL,1865.6333333333334,,,,0.99,0.495,48,,0.0,,0.0,Politics
KXMAMDANISWEARING-26JAN01-EADA,81479.0,0.6,4642.0,0.056971735048294656,0.99,0.495,1277,,0.0,0.6053505047318612,3170.0,Politics
KXASIALEADEROUT-35-CL,83663.16666666667,,,,0.07,0.035,17,,0.0,,0.0,Politics
KXTRUMPPARDON-25MAY01-CAP,104880.15,0.8,120.0,0.0011441631233364941,0.69,0.645,684,0.7925845024469819,2452.0,0.78398961952275,16637.0,Politics
KXSWENCOUNTERS-26MAY-13249.5,49180.23333333333,0.29,13.0,0.00026433384144171747,0.07999999999999999,0.25,216,0.2891,11.0,0.2891,11.0,Politics
KXDNCCHAIR-25DEC-KM,106849.66666666667,0.29,12397.0,0.11602282334370095,0.97,0.505,416,,0.0,,0.0,Politics
KXBILLSCOUNT-26MAY-4.0,44640.0,0.2417,43.0,0.0009632616487455197,0.12,0.31,154,0.266226103872974,729.9300000000001,0.2829310042067557,1200.45,Politics
KXTRUMPVSLAUGHTER,241894.7,0.9,60.0,0.0002480418132352631,0.08000000000000007,0.89,2600,0.8201765727980828,1669.0,0.8111725434275342,7714.0,Politics
KXEOWEEK-25DEC13,9479.0,0.6,6.0,0.0006329781622534023,0.33,0.625,154,0.7596467374810318,3954.0,0.6575228399699473,1331.0,Politics
KXPORTMOODY-25-LIB,49373.03333333333,0.63,7107.0,0.14394497401077916,0.19999999999999996,0.6,145,,0.0,,0.0,Politics
KXFEDCHAIRCONFIRM-KWAR,100540.35,0.89,3.0,2.9838766226694057e-05,0.020000000000000018,0.9,1321,0.9300255632852249,9631.0,0.9352221667090387,90469.0,Politics
KXAPRPOTUS-26FEB20-42.6,9960.0,0.2,428.0,0.0429718875502008,0.09,0.185,102,0.175,2.0,0.175,2.0,Politics
KXTRUMPENDORSEMENTS-26JUN20-A15,10080.0,0.5,366.0,0.03630952380952381,0.97,0.495,125,0.5392024539877299,489.0,0.5,24.0,Politics
KXMIRANCOUNT-25-B76,27645.2,,,,0.06,0.03,6,,0.0,,0.0,Politics
KXCABOUT-29-LCD,559438.15,0.06,450.0,0.0008043784643574986,0.07,0.035,2038,0.06,1.0,0.06,1.0,Politics
KXGAETZCOUNT-25-B51,191556.0,0.15,216.0,0.0011276075925577898,0.32,0.17,12,0.15,18.0,0.028274524293367815,5413.0,Politics
KXFRENCHPM-26JAN01-LC,5957.866666666667,,,,0.06,0.03,7,,0.0,,0.0,Politics
KXLLM1-26MAY23-OPEN,9867.383333333333,0.03,8.0,0.0008107519217354145,0.019999999999999997,0.02,156,0.026112637043240006,4919.9800000000005,0.027183936526879483,3955.0600000000004,Science and Technology
KXSPACEXSTARSHIP-25SEP06,35113.75,0.75,241.75,0.006884767363212417,0.09999999999999998,0.7,247,0.75,100.0,0.8082708628005659,707.0,Science and Technology
KXH200MON-26APR30-2.600,41999.98333333333,0.54,11315.0,0.2694048688114559,0.10000000000000003,0.48,154,,0.0,,0.0,Science and Technology
KXLLM1-26FEB28-BYTE,17040.0,0.01,136.0,0.007981220657276996,0.01,0.015,130,0.01,93.0,0.01,280.0,Science and Technology
KXH200W-26APR03-2.489,5816.0,0.95,1914.0,0.32909215955983495,0.96,0.5,68,,0.0,,0.0,Science and Technology
KXH200MON-26APR30-2.670,41999.98333333333,0.4,15612.0,0.3717144332200132,0.10000000000000003,0.33999999999999997,362,,0.0,,0.0,Science and Technology
KXLLM1-25AUG31-META,44640.0,0.01,86.0,0.0019265232974910395,0.04,0.030000000000000002,718,0.01,293.0,0.01,386.0,Science and Technology
KXRTX5090MON-26MAY31-0.500,39239.98333333333,0.92,14082.0,0.35886865395372664,0.99,0.495,156,,0.0,,0.0,Science and Technology
KXB200MON-26MAR31-2.930,42464.98333333333,0.67,12291.0,0.28943847460201527,0.98,0.5,378,,0.0,,0.0,Science and Technology
KXSPACEXCOUNT-26JAN-12,77760.0,0.97,15196.0,0.19542181069958847,0.06000000000000005,0.88,1092,,0.0,,0.0,Science and Technology
KXLLM1-26MAR28-AMAZ,9960.0,0.01,40.0,0.004016064257028112,0.89,0.455,63,0.014591254752851713,1052.0,0.010548172757475084,602.0,Science and Technology
KXLLM1-25SEP30-A,76200.0,0.0438,18595.0,0.24402887139107612,0.07,0.035,1253,,0.0,,0.0,Science and Technology
KXH200MON-26MAY31-2.460,44639.98333333333,0.69,6932.0,0.15528679632870235,0.99,0.495,363,,0.0,,0.0,Science and Technology
KXRTX5090MON-26APR30-0.333,41999.98333333333,0.93,4.0,9.523813303100518e-05,0.04999999999999993,0.9450000000000001,131,0.93,100.0,0.93,100.0,Science and Technology
KXA100W-26MAY01-1.0821,10080.0,0.42,4268.0,0.4234126984126984,0.08000000000000002,0.48,98,,0.0,,0.0,Science and Technology
KXH100MON-26MAY31-2.060,39239.98333333333,0.69,1532.0,0.03904181067015404,0.99,0.495,123,,0.0,0.7825,4.0,Science and Technology
KXA100MON-26APR20-0.860,1.0,,,,,,0,,0.0,,0.0,Science and Technology
KXRTX5090MAX-26DEC31-0.860,38214.46666666667,0.35,191.0,0.004998107174071949,0.99,0.495,308,0.3166666666666667,21.0,0.3166666666666667,21.0,Science and Technology
KXLLM1-26FEB28-META,43200.0,0.01,489.0,0.011319444444444444,0.04,0.030000000000000002,410,0.01,168.0,0.01,168.0,Science and Technology
KXH200MON-26MAY31-2.740,44639.98333333333,0.955,7087.0,0.1587590198473043,0.99,0.495,308,,0.0,,0.0,Science and Technology
KXB200W-26MAY08-5.03,10080.0,0.19,10029.0,0.9949404761904762,0.96,0.5,157,,0.0,,0.0,Science and Technology
KXSPACEXCOUNT-26MAY-11,24120.0,0.96,63.0,0.0026119402985074628,0.45999999999999996,0.73,392,0.713527003339467,1467.3,0.7181084195527713,1558.0400000000002,Science and Technology
KXA100MON-26APR30-0.910,41999.98333333333,0.99,40107.0,0.9549289503686311,0.10999999999999999,0.655,245,,0.0,,0.0,Science and Technology
KXRTX5090MON-26APR30-0.433,41999.98333333333,0.93,34786.0,0.8282384239041365,0.040000000000000036,0.91,158,,0.0,,0.0,Science and Technology
KXSPACEXSTARSHIP-9-25MAY28,37570.86666666667,0.6099,11.216666666666667,0.0002985469237689486,0.09999999999999998,0.53,415,0.5541147707979627,1178.0,0.5446785496648385,1641.0,Science and Technology
KXB200MAX-26DEC31-5.870,38163.0,,,,0.99,0.495,349,,0.0,,0.0,Science and Technology
KXH100MAX-26DEC31-1.130,38218.23333333333,0.7193,724.0,0.018943837452803942,0.99,0.495,359,0.7193,15.0,0.7193,15.0,Science and Technology
KXH100MAX-26DEC31-2.630,38223.51666666667,0.5129,416.0,0.010883352351584604,0.99,0.495,128,0.5977020833333334,48.0,0.5948205673758865,141.0,Science and Technology
KXH100MON-26APR30-1.900,41999.98333333333,0.15,2770.0,0.06595240712397109,0.09999999999999998,0.24,412,,0.0,0.15,1.0,Science and Technology
KXA100MAX-26DEC31-0.340,38229.11666666667,0.53,154.0,0.004028343143337081,0.95,0.505,332,0.7917638655462185,119.0,0.8163147598000146,138.01,Science and Technology
KXLLM1-25DEC31-GOOG,606240.0,0.03,865.0,0.0014268276590129322,0.98,0.49,1105,0.05153846153846153,39.0,0.200168742632613,10180.0,Science and Technology
KXRTX5090MON-26MAR31-0.345,42464.98333333333,0.9252,3273.0,0.07707526868215735,0.8600000000000001,0.5,334,,0.0,0.9252,191.0,Science and Technology
KXH200MAX-26DEC31-3.990,38209.11666666667,0.52,453.0,0.011855809281118337,0.99,0.495,453,0.48580967741935477,62.0,0.48580967741935477,62.0,Science and Technology
KXSPACEXCOUNT-25AUG-8,38880.0,0.99,4334.0,0.11147119341563785,0.07999999999999996,0.96,606,,0.0,,0.0,Science and Technology
KXA100MON-26APR30-1.120,41999.98333333333,0.09,11315.0,0.2694048688114559,0.07,0.035,304,,0.0,,0.0,Science and Technology
KXLLM1-26MAY23-BYTE,9867.383333333333,0.01,6.0,0.0006080639413015608,0.01,0.005,72,0.01,216.0,0.01,216.0,Science and Technology
KXFDAAPPROVALDATELLY-ORFO-26APR06,10529.866666666667,0.2,1975.0,0.18756172917669106,0.1,0.15000000000000002,120,,0.0,,0.0,Science and Technology
KXLLM1-26APR04-BYTE,9960.0,0.01,36.0,0.0036144578313253013,0.03,0.025,40,0.01276079734219269,903.0,0.01276079734219269,903.0,Science and Technology
KXLLM1-26APR25-GOOG,9900.0,0.08,22.0,0.0022222222222222222,0.049999999999999996,0.034999999999999996,158,0.05750174575854439,2033.5,0.06037209546289012,1906.5,Science and Technology
KXLLM1-26FEB21-GOOG,9780.0,0.15,40.0,0.00408997955010225,0.09000000000000001,0.095,159,0.12325499080036798,4348.0,0.11233160405485988,1677.0,Science and Technology
KXH100Q-26JUN30-1.930,38143.03333333333,0.63,321.0,0.008415691463098111,0.99,0.495,476,0.726530612244898,98.0,0.816839378238342,193.0,Science and Technology
KXH100MON-26APR30-1.940,41999.98333333333,0.13,60.0,0.0014285719954650778,0.1,0.18,366,0.13,600.0,0.12943396226415094,636.0,Science and Technology
KXLLM1-25APR30-META,41399.71666666667,0.0767,205.71666666666667,0.004969035617393517,0.1,0.06,153,0.040827819548872185,133.0,0.04002831790123457,3888.0,Science and Technology
KXH100MON-26MAR31-1.760,42464.98333333333,0.4,3027.0,0.07128226040357173,0.98,0.5,560,,0.0,0.42391150115473436,2165.0,Science and Technology
KXB200MON-26MAR31-3.070,42464.98333333333,0.58,12291.0,0.28943847460201527,0.98,0.5,408,,0.0,,0.0,Science and Technology
KXRTX5090MON-26MAY31-0.320,39239.98333333333,0.76,15718.0,0.400560822528382,0.99,0.495,88,,0.0,,0.0,Science and Technology
KXH200MON-26MAY31-2.390,44639.98333333333,0.69,6932.0,0.15528679632870235,0.99,0.495,336,,0.0,,0.0,Science and Technology
KXLLM1-26JUN13-ANTH,9900.0,0.92,5.0,0.000505050505050505,0.010000000000000009,0.975,157,0.9719902249115604,8943.960000000001,0.9741749239172421,2770.01,Science and Technology
KXA100MON-26APR30-0.890,41999.98333333333,0.99,40106.0,0.9549051408353735,0.1100000000000001,0.745,246,,0.0,,0.0,Science and Technology
KXH200MON-26APR30-2.580,41999.98333333333,0.55,2327.0,0.05540478389078726,0.09999999999999998,0.52,380,,0.0,0.5120000000000001,75.0,Science and Technology
KXITFMATCH-26APR23GEOLIX-LIX,894.75,0.49,654.0,0.7309304274937133,0.9199999999999999,0.5,157,0.20370811543144815,2077.77,,0.0,Sports
KXNCAAMBSPREAD-26FEB18WKUDEL-WKU9,1657.7833333333333,0.2597,1290.0,0.7781475263152604,0.98,0.5,136,0.2597,1326.0,,0.0,Sports
KXNBAREB-26MAR24ORLCLE-CLEJHARDEN1-2,1209.6,0.98,1178.0,0.9738756613756614,0.98,0.5,55,0.988825,340.0,,0.0,Sports
KXNHLFIRSTGOAL-26FEB04CHICBJ-CBJCCOYLE3,325.65,0.06,33.0,0.10133578995854446,0.05,0.025,38,0.060000000000000005,1739.0,0.05999999999999999,90.0,Sports
KXWTAMATCH-25AUG04MBOBOU-BOU,725.7333333333333,0.2794,29.0,0.0399595811133566,0.95,0.525,304,0.20795984098631465,74459.0,0.2763562753036437,247.0,Sports
KXMLBHIT-26JUN171510TBLAD-TBYDIAZ2-4,283.18333333333334,,,,0.05,0.025,100,,0.0,,0.0,Sports
KXMLBTB-26MAY281410MINCWS-MINKCLEMENS2-3,321.0833333333333,,,,0.98,0.51,146,,0.0,,0.0,Sports
KXPGAR3LEAD-PURO26-HSPR,9388.216666666667,,,,0.99,0.495,70,,0.0,,0.0,Sports
KXITFWMATCH-26MAY03CLENEW-CLE,2174.6,0.6084,786.0,0.3614457831325301,0.98,0.5,346,0.23304358896635344,65.98,,0.0,Sports
KXNBAALLSTARS-26-JBRO,68062.8,0.95,2095.0,0.030780396927543384,0.07999999999999996,0.9099999999999999,648,,0.0,0.9499999999999998,81.0,Sports
KXNCAAMB1HSPREAD-26FEB18BRADVALP-BRAD7,280.6166666666667,,,,0.99,0.495,3,,0.0,,0.0,Sports
KXLIGAMXTOTAL-26APR22MAZTOL-1,1827.2666666666667,0.86,1048.0,0.5735342405779124,0.98,0.5,287,0.86,234.86,,0.0,Sports
KXNCAAMBTOTAL-25DEC10NORFBAY-138,1075.0333333333333,0.77,831.0,0.7729992868438188,0.98,0.5,544,0.8397314715359828,931.0,,0.0,Sports
KXNBASPREAD-26MAY15SASMIN-MIN16,3444.3166666666666,0.09,2.0,0.000580666702151854,0.09,0.105,681,0.07885976323663328,307.47999999999996,0.08,300.0,Sports
KXNHLPTS-26JAN03CHIWSH-WSHAOVECHKIN8-2,1527.5166666666667,,,,0.99,0.495,17,,0.0,,0.0,Sports
KXNCAAMBSPREAD-26FEB28ALATENN-TENN10,1750.65,0.24,577.0,0.329591865878388,0.06,0.28,284,0.27403508771929824,114.0,,0.0,Sports
KXITFWMATCH-26JUN22SHIOHX-OHX,1152.0333333333333,0.0115,1145.0,0.9938948525794972,0.98,0.5,67,0.0115,40.0,,0.0,Sports
KXAHLGAME-26FEB271905LAVROC-LAV,4293.666666666667,0.6576,4215.0,0.9816784411148202,0.98,0.5,290,,0.0,,0.0,Sports
KXNCAAMBTOTAL-25NOV16IWIND-157,1368.5833333333333,0.5377,1180.0,0.8622054435852159,0.98,0.5,196,0.47961934938741013,2367.0,,0.0,Sports
KXMLBTB-26JUN201310CWSDET-DETZMCKINSTRY39-4,317.68333333333334,,,,0.16,0.08,93,,0.0,,0.0,Sports
KXNBASPREAD-26FEB06INDMIL-MIL2,1524.4666666666667,0.42,466.0,0.3056806752088162,0.98,0.5,1038,0.429291117597176,50707.0,,0.0,Sports
KXNBAREB-26FEB19HOUCHA-HOUASENGUN28-12,2920.1666666666665,0.27,2193.0,0.7509845328462987,0.99,0.495,195,,0.0,,0.0,Sports
KXPGATOUR-TCHO25-DWAL,8686.566666666668,,,,0.01,0.005,12,,0.0,,0.0,Sports
KXMLBHRR-26JUN061605CWSPHI-PHIBMARSH16-5,478.0833333333333,0.22,14.0,0.029283597699145895,0.97,0.485,114,0.22,72.0,0.22,72.0,Sports
KXMLBTOTAL-26MAR291415TBSTL-3,1448.0333333333333,0.86,66.0,0.04557906125549596,0.98,0.5,655,0.9502917232021709,1474.0,0.87,300.0,Sports
KXNFLDRAFTTEAM-26RBAI-NYG,43479.86666666667,0.0109,35967.0,0.8272104483607738,0.99,0.495,73,,0.0,,0.0,Sports
KXMLBGAME-25JUL30BOSMIN-BOS,486.75,0.46,4.0,0.008217770929635337,0.020000000000000018,0.45,307,0.7339430611638953,67360.0,0.47538728323699425,4325.0,Sports
KXMLBHRR-26APR132140TEXATH-TEXJSMITH8-1,351.55,0.99,288.0,0.8192291281467785,0.73,0.365,108,0.99,201.0,,0.0,Sports
KXNBASPREAD-25NOV07BOSORL-ORL4,2033.85,0.44,432.0,0.21240504461980972,0.73,0.475,802,0.44793847656250013,3584.0,,0.0,Sports
KXNHLPTS-26JAN13NYIWPG-NYIMSCHAEFER48-2,386.6333333333333,,,,0.16,0.08,51,,0.0,,0.0,Sports
KXNCAAMBTOTAL-26FEB12PFWGB-143,1674.05,0.5,477.0,0.28493772587437655,0.030000000000000027,0.485,257,0.5399070115174783,4949.0,,0.0,Sports
KXATPCHALLENGERMATCH-26MAR10MEJFER-FER,839.9166666666666,0.71,445.0,0.5298144657208057,0.8600000000000001,0.5,245,0.2450631795514619,36697.0,,0.0,Sports
KXWC1HSCORE-26JUN24RSAKOR-RSA1KOR0,2917.883333333333,0.1169,1281.0,0.4390168672496616,0.88,0.45,279,0.11437415575465196,87.06,,0.0,Sports
KXMLBTB-26JUN261905WSHBAL-WSHACHAPARRO87-4,270.0,,,,0.27,0.135,115,,0.0,,0.0,Sports
KXMLBHRR-26JUN101835SEABAL-SEAMGARVER77-2,248.81666666666666,,,,0.21000000000000002,0.395,117,,0.0,,0.0,Sports
KXNCAAMBSPREAD-26FEB19UNHMASSL-UNH11,1571.05,0.0247,1447.0,0.9210400687438338,0.94,0.5,74,,0.0,,0.0,Sports
KXCS2MAP-26APR301500FURIABSTA-2-BSTA,952.5333333333333,0.97,916.0,0.9616461366181411,0.94,0.5,55,0.9081440750737035,4816.599999999999,,0.0,Sports
KXNBA2D-26JAN27SACNYK-SACRWESTBROOK18,1554.3166666666666,0.13,300.0,0.19301086222241287,0.99,0.495,471,0.1289994675996349,6574.0,,0.0,Sports
KXNCAAMBTOTAL-26FEB09ETAMSFA-153,1694.9333333333334,0.3,802.0,0.4731749528005034,0.98,0.5,85,0.3005263157894737,38.0,,0.0,Sports
KXMLBHIT-26MAY021605MILWSH-WSHCABRAMS5-3,1249.15,,,,0.060000000000000005,0.04,143,,0.0,,0.0,Sports
KXMLBF5SPREAD-26JUN241945AZSTL-STL3,1344.5666666666666,0.15,1309.0,0.9735478592855196,0.98,0.5,152,0.014055131550802138,935.0,,0.0,Sports
KXCHNSLGAME-26APR17QINQWC-TIE,5069.6,0.2771,4107.0,0.8101230866340539,0.09000000000000002,0.28500000000000003,60,,0.0,,0.0,Sports
KXNCAAMBSPREAD-26JAN22UCSDUCD-UCD7,1762.8666666666666,0.2681,1654.0,0.9382445259615022,0.98,0.5,725,,0.0,,0.0,Sports
KXNFLANYTD-25NOV27CINBAL-CINNFANT86,3239.883333333333,0.14,196.0,0.06049600551460187,0.13,0.07500000000000001,361,0.13076923076923075,39.0,0.14,3.0,Sports
KXITFMATCH-26MAY19TALGON-GON,851.1,0.99,813.0,0.9552344025378922,0.98,0.5,123,0.99,802.0,,0.0,Sports
KXNCAAMBTOTAL-26FEB07MRMKRID-125,1466.8,0.68,1352.0,0.9217343877829288,0.98,0.5,190,0.37851002182972804,5039.0,,0.0,Sports
KXMLBHRR-26JUN071335BOSNYY-NYYJCABALLERO72-2,323.55,0.39,59.0,0.18235203214340906,0.98,0.49,122,0.6572379924446844,463.25,0.39,25.0,Sports
KXPGAMAKECUT-PGC26-STHE,14881.466666666667,0.61,10562.0,0.7097418713209271,0.99,0.495,231,,0.0,,0.0,Sports
KXWCTEAMFIRSTGOAL-26JUN14CIVECU-CIV-ISANGA6,12.483333333333333,,,,0.99,0.495,2,,0.0,,0.0,Sports
KXNCAAMB1HSPREAD-26MAR13UCLAMSU-MSU7,819.0666666666667,0.29,639.0,0.780156275435455,0.23999999999999996,0.29,62,0.29,3.0,,0.0,Sports
KXNJGOLFVISITCOUNT-25JUL-1,49969.55,0.1,566.0,0.011326898080931286,0.1,0.05,714,0.10588235294117647,34.0,0.12819642857142857,196.0,Transportation
KXNJGOLFVISITCOUNT-25JUL-0,49969.55,0.06,916.0,0.018331163678680314,0.06,0.03,714,0.07095490196078431,51.0,0.060690350877192996,114.0,Transportation
KXNJGOLFVISITCOUNT-25JUL-3,49969.55,0.4,113.0,0.002261377178701829,0.14,0.33,714,0.2644262295081967,61.0,0.2922556451612903,124.0,Transportation
KXNJGOLFVISITCOUNT-25JUL-2,49969.55,0.2,566.0,0.011326898080931286,0.14,0.13,701,0.20597142857142858,42.0,0.23843142857142857,280.0,Transportation
KXFOOTBALL1001-25-JDAN,89537.4,0.05,3328.0,0.037168825541058825,0.05,0.025,1310,,0.0,0.05,1.0,World
KXFOOTBALL1001-25-MCRO,89537.4,,,,0.05,0.025,1310,,0.0,,0.0,World
KXFOOTBALL1001-25-JCHA,89537.4,0.05,4594.0,0.05130816843017555,0.05,0.025,1310,,0.0,0.05,131.0,World
KXFOOTBALL1001-25-NBOS,89537.4,,,,0.05,0.025,1036,,0.0,,0.0,World
KXFOOTBALL1001-25-AHUT,89537.4,0.01,62253.0,0.6952737068532256,0.05,0.025,1310,,0.0,,0.0,World
KXFOOTBALL1001-25-JBUR,89537.4,0.09,26037.0,0.29079468467925135,0.05,0.025,1342,,0.0,,0.0,World
KXFOOTBALL1001-25-DSTI,89537.4,,,,0.05,0.025,1310,,0.0,,0.0,World
KXFOOTBALL1001-25-JMAI,89537.4,,,,0.05,0.025,1207,,0.0,,0.0,World
KXFOOTBALL1001-25-SBAR,89537.4,0.33,2252.0,0.025151500937038603,0.07999999999999999,0.25,1367,,0.0,0.48510584070796453,565.0,World
KXFOOTBALL1001-25-ABRO,89537.4,,,,0.05,0.025,1289,,0.0,,0.0,World
KXFOOTBALL1001-25-MGAR,89537.4,0.01,77155.0,0.8617069515085317,0.06,0.03,1231,,0.0,,0.0,World
KXFOOTBALL1001-25-THEN,89537.4,0.01,64283.0,0.7179457969518883,0.05,0.025,1289,,0.0,,0.0,World
KXFOOTBALL1001-25-SGAR,89537.4,,,,0.05,0.025,1228,,0.0,,0.0,World
KXFOOTBALL1001-25-GKIT,89537.4,,,,0.05,0.025,1310,,0.0,,0.0,World
KXFOOTBALL1001-25-CLAM,89537.4,0.01,56041.0,0.6258948774478598,0.05,0.025,1289,,0.0,,0.0,World
KXFOOTBALL1001-25-TWAT,89537.4,0.01,84581.0,0.9446443609039352,0.05,0.025,1283,,0.0,,0.0,World
KXFOOTBALL1001-25-MPAR,89537.4,0.01,82532.0,0.9217600689767629,0.05,0.025,1310,,0.0,,0.0,World
KXFOOTBALL1001-25-JJEF,89537.4,0.1,45330.0,0.5062688887548668,0.05,0.025,1232,,0.0,,0.0,World
KXFOOTBALL1001-25-DLAW,89537.4,,,,0.05,0.025,1310,,0.0,,0.0,World
KXFOOTBALL1001-25-BBOW,89537.4,,,,0.05,0.025,1289,,0.0,,0.0,World
KXFOOTBALL1001-25-PMAH,89537.4,0.39,438.0,0.0048918105730119486,0.08000000000000002,0.35,1369,0.261121063394683,489.0,0.25471620839363246,691.0,World
KXFOOTBALL1001-25-CHUM,89537.4,,,,0.05,0.025,1310,,0.0,,0.0,World
KXFOOTBALL1001-25-JGIB,89537.4,0.058,59824.0,0.6681453783558603,0.05,0.025,1310,,0.0,,0.0,World
KXFOOTBALL1001-25-LJOH,89537.4,,,,0.05,0.025,1228,,0.0,,0.0,World
KXFOOTBALL1001-25-DHEN,89537.4,0.04,64281.0,0.7179234599173083,0.05,0.025,1289,,0.0,,0.0,World
KXFOOTBALL1001-25-PSEW,89537.4,,,,0.05,0.025,1289,,0.0,,0.0,World
KXFOOTBALL1001-25-LJAC,89537.4,0.22,3329.0,0.037179994058348806,0.07,0.155,1367,,0.0,0.20083333333333334,24.0,World
KXFOOTBALL1001-25-TWIR,89537.4,,,,0.05,0.025,1310,,0.0,,0.0,World
KXFOOTBALL1001-25-CJON,89537.4,,,,0.05,0.025,1289,,0.0,,0.0,World
KXFOOTBALL1001-25-THIL,89537.4,,,,0.07,0.035,1310,,0.0,,0.0,World
KXFOOTBALL1001-25-JCAR,89537.4,0.01,50392.0,0.5628039232767537,0.05,0.025,1289,,0.0,,0.0,World
KXFOOTBALL1001-25-PSUR,89537.4,0.02,49304.0,0.5506525764652537,0.05,0.025,1211,,0.0,,0.0,World
KXFOOTBALL1001-25-JALL,89537.4,0.26,10468.0,0.11691203899152756,0.07999999999999999,0.2,1363,,0.0,,0.0,World
KXFOOTBALL1001-25-FWAR,89537.4,,,,0.05,0.025,1289,,0.0,,0.0,World
KXFOOTBALL1001-25-TWIL,89537.4,,,,0.05,0.025,1036,,0.0,,0.0,World
